,hash,number,category
0,instafood,"204,034,440",foodie
1,FoodBlogger,"61,316,621",foodie
2,lunch,"95,093,809",foodie
3,PicOfTheDay,"664,019,963",foodie
4,instadaily,"550,268,804",foodie
5,FoodPhotography,"83,282,326",foodie
6,PhotoOfTheDay,"944,602,382",foodie
7,food,"454,354,218",foodie
8,healthy,"176,133,912",foodie
9,foodie,"194,222,832",foodie
10,FoodLover,"59,060,318",foodie
11,bhfyp,"130,770,914",foodie
12,instagood,"1,400,138,592",foodie
13,tasty,"57,376,042",foodie
14,delicious,"130,247,439",foodie
15,foodstagram,"94,133,028",foodie
16,homemade,"99,488,374",foodie
17,cooking,"49,755,500",foodie
18,FoodPorn,"267,581,283",foodie
19,love,"2,147,483,647",foodie
20,foodgasm,"61,370,550",foodie
21,foodies,"34,833,821",foodie
22,HealthyFood,"98,715,784",foodie
23,dinner,"112,416,775",foodie
24,yummy,"179,400,810",foodie
25,restaurant,"44,333,128",foodie
