hash,number,category
love,"2,147,483,647",all
instagood,"1,400,038,140",all
photooftheday,"944,555,078",all
fashion,"989,419,328",all
beautiful,"758,753,873",all
happy,"646,707,753",all
cute,"638,510,946",all
tbt,"576,723,749",all
like4like,"535,113,648",all
followme,"579,620,065",all
picoftheday,"663,988,732",all
me,"453,246,860",all
selfie,"454,327,706",all
summer,"510,165,265",all
art,"824,769,735",all
instadaily,"550,227,488",all
friends,"424,226,161",all
repost,"538,997,279",all
nature,"652,801,816",all
girl,"435,027,822",all
fun,"421,240,194",all
style,"575,072,347",all
smile,"411,932,014",all
food,"454,337,094",all
instalike,"441,464,574",all
likeforlike,"354,439,454",all
family,"397,059,575",all
travel,"578,506,994",all
fitness,"461,833,781",all
euro2020,"2,113,879",all
follow4follow,"300,354,701",all
nofilter,"283,293,767",all
life,"390,047,059",all
beauty,"465,426,201",all
amazing,"296,417,290",all
instamood,"261,894,958",all
igers,"292,808,307",all
instagram,"720,428,939",all
photo,"409,517,245",all
music,"376,477,857",all
photography,"789,466,004",all
makeup,"348,775,620",all
dog,"314,461,478",all
beach,"273,152,621",all
sunset,"286,771,076",all
model,"315,443,863",all
foodporn,"267,571,792",all
motivation,"283,631,815",all
followforfollow,"243,559,769",all
sky,"243,644,427",all
lifestyle,"283,901,348",all
design,"288,721,756",all
gym,"214,979,079",all
f4f,"240,738,880",all
toofunny,"3,720,591",all
cat,"245,244,674",all
handmade,"274,944,940",all
hair,"228,451,989",all
vscocam,"203,079,794",all
bestoftheday,"214,544,354",all
vsco,"205,349,780",all
funny,"222,977,403",all
dogsofinstagram,"248,324,675",all
drawing,"239,582,943",all
artist,"249,360,033",all
f4fl,"7,579",all
flowers,"222,732,606",all
baby,"208,116,560",all
wedding,"209,706,299",all
girls,"197,461,014",all
instapic,"196,316,911",all
pretty,"188,278,022",all
photographer,"210,095,631",all
instafood,"204,027,185",all
party,"177,084,086",all
inspiration,"205,410,610",all
lol,"179,113,725",all
cool,"171,709,207",all
workout,"187,994,266",all
likeforfollow,"210,666,391",all
swag,"166,405,235",all
fit,"178,577,858",all
healthy,"176,129,364",all
yummy,"179,395,372",all
blackandwhite,"171,400,444",all
foodie,"194,213,610",all
moda,"209,628,776",all
home,"177,290,255",all
christmas,"164,417,772",all
black,"162,131,696",all
memes,"204,498,595",all
winter,"155,047,553",all
pink,"154,812,104",all
sea,"157,308,387",all
landscape,"168,942,686",all
blue,"153,598,456",all
london,"150,634,044",all
holiday,"153,519,198",all
instadaily,"550,251,618",likes
LikesForLikes,"78,071,680",likes
instagram,"720,483,526",likes
fashion,"989,451,165",likes
me,"453,255,546",likes
FollowMe,"579,631,448",likes
love,"2,147,483,647",likes
photography,"789,501,293",likes
LikeForLike,"354,444,665",likes
likes,"136,508,674",likes
LikeForLikes,"310,102,817",likes
FollowForFollow,"243,563,171",likes
myself,"30,137,810",likes
f,"27,540,187",likes
instalike,"441,478,215",likes
comment,"65,460,416",likes
beautiful,"758,774,643",likes
LikeForFollow,"210,673,832",likes
instagood,"1,400,099,170",likes
l,"28,948,516",likes
FollowBack,"123,973,064",likes
smile,"411,942,974",likes
PhotoOfTheDay,"944,583,857",likes
FollowForFollowBack,"207,986,171",likes
bhfyp,"130,759,239",likes
PicOfTheDay,"664,007,822",likes
CatLover,"52,389,393",pets
of,"22,170,293",pets
DogLovers,"43,901,458",pets
cute,"638,527,004",pets
cats,"126,400,600",pets
dogstagram,"110,886,048",pets
puppy,"165,169,598",pets
catstagram,"83,938,373",pets
dogs,"136,031,640",pets
animal,"70,335,366",pets
animals,"84,771,436",pets
DogLife,"43,909,395",pets
cachorro,"10,600,634",pets
instagram,"720,497,168",pets
DogOfTheDay,"63,406,370",pets
love,"2,147,483,647",pets
pets,"80,209,381",pets
petstagram,"65,268,828",pets
PetLovers,"10,894,671",pets
DogsOfInstagram,"248,332,856",pets
dog,"314,469,506",pets
doglover,"68,751,847",pets
instagood,"1,400,110,782",pets
instapet,"28,006,052",pets
PetsOfInstagram,"46,951,408",pets
CatsOfInstagram,"167,543,908",pets
pet,"113,034,482",pets
cat,"245,249,809",pets
instadog,"98,453,690",pets
TravelPhotography,"159,005,863",travel
PicOfTheDay,"664,013,483",travel
NaturePhotography,"166,504,567",travel
TravelBlogger,"67,941,703",travel
beautiful,"758,781,663",travel
landscape,"168,948,247",travel
adventure,"120,729,947",travel
explore,"250,914,838",travel
instatravel,"113,311,051",travel
photo,"409,536,550",travel
trip,"134,191,251",travel
summer,"510,191,370",travel
travelgram,"146,388,521",travel
photography,"789,516,861",travel
art,"824,811,032",travel
travel,"578,528,308",travel
wanderlust,"133,770,466",travel
nature,"652,835,579",travel
instagood,"1,400,120,707",travel
PhotoOfTheDay,"944,593,814",travel
bhfyp,"130,766,718",fashion
smile,"411,948,094",fashion
OutfitOfTheDay,"69,188,395",fashion
FashionPhotography,"27,336,907",fashion
FollowBack,"123,974,390",fashion
ootd,"373,660,421",fashion
FashionBlogger,"149,700,861",fashion
WhatIWore,"21,403,553",fashion
fashionista,"126,071,770",fashion
PhotoOfTheDay,"944,596,630",fashion
StyleInspo,"19,211,539",fashion
instastyle,"57,089,758",fashion
love,"2,147,483,647",fashion
CurrentlyWearing,"10,983,105",fashion
FashionBlog,"29,344,519",fashion
ShoppingAddict,"4,645,021",fashion
LookGoodFeelGood,"2,487,805",fashion
FashionAddict,"26,492,012",fashion
FashionStyle,"76,099,764",fashion
BeautyDoesntHaveToBePain,"465,130",fashion
style,"575,101,764",fashion
fashion,"989,469,017",fashion
FollowForFollowBack,"207,996,790",fashion
fashionable,"40,076,215",fashion
l,"28,949,951",fashion
PicOfTheDay,"664,017,154",fashion
fashiongram,"36,143,014",fashion
instafood,"204,034,440",foodie
FoodBlogger,"61,316,621",foodie
lunch,"95,093,809",foodie
PicOfTheDay,"664,019,963",foodie
instadaily,"550,268,804",foodie
FoodPhotography,"83,282,326",foodie
PhotoOfTheDay,"944,602,382",foodie
food,"454,354,218",foodie
healthy,"176,133,912",foodie
foodie,"194,222,832",foodie
FoodLover,"59,060,318",foodie
bhfyp,"130,770,914",foodie
instagood,"1,400,138,592",foodie
tasty,"57,376,042",foodie
delicious,"130,247,439",foodie
foodstagram,"94,133,028",foodie
homemade,"99,488,374",foodie
cooking,"49,755,500",foodie
FoodPorn,"267,581,283",foodie
love,"2,147,483,647",foodie
foodgasm,"61,370,550",foodie
foodies,"34,833,821",foodie
HealthyFood,"98,715,784",foodie
dinner,"112,416,775",foodie
yummy,"179,400,810",foodie
restaurant,"44,333,128",foodie
